MapPh1,Map,Depth,Payoff Vector P1,Player,Sons,Parents,Structure
"[1, 0]","[4, 0]",1,"[5.551115123125783e-17, 1.1102230246251565e-16, -1.0, 1.1102230246251565e-16, 1.0, -1.0, -2.0, -1.0, -2.0, 1.0]",1,[6],[],0
[2],[8],1,"[1.0, 2.0, -1.0, 2.0, 1.0, 1.0, 2.0, -1.0, 2.0, 1.0]",1,[7],[],0
"[5, 3]","[6, 2]",2,"[-5.551115123125783e-17, -1.1102230246251565e-16, -1.0, 1.0, 2.0, -1.0]",2,[],[],2
[7],[10],2,"[-1.0, -2.0, -1.0, -1.0, -2.0, -1.0]",2,[],[],2
"[6, 4]","[7, 3]",2,"[-1.1102230246251565e-16, 1.0, 2.0, 1.0]",2,[],[],3
[8],[11],2,"[-2.0, 1.0, -2.0, 1.0]",2,[],[],3
"[10, 9]","[5, 1]",3,"[0.0, -1.0, -2.0, -1.0]",1,[],[0],1
[11],[9],3,"[2.0, -1.0, 2.0, -1.0]",1,[],[1],1
