History,Actions
/,"['JQ=1.000000', 'JK=1.000000', 'QJ=1.000000', 'QK=1.000000', 'KJ=1.000000', 'KQ=1.000000']"
